Marissa,Marissa@gmail.com
Agnes,Agnes@gmail.com
Matt,Matt@gmail.com
Josh,Josh@gmail.com
Robin,Robin@gmail.com
Adam,Adam@gmail.com
Bezen,Bezen@gmail.com
Avi,Avi@gmail.com
Tom,Tom@gmail.com
Hazem,Hazem@gmail.com
Pilar,Pilar@gmail.com
Terry,Terry@gmail.com
Amy,Amy@gmail.com
Greg,Greg@gmail.com
Pamela,Pamela@gmail.com
Julie,Julie@gmail.com
David,David@gmail.com
Robert,Robert@gmail.com
Sunny,Sunny@gmail.com
